title,company,location,link
SDET - Selenium WebDriver - Python,Cybernetic Search,"San Francisco Bay Area, CA",https://indeed.com/viewjob?jk=f4bbc4bdd1cdcaf6
Python Developer in Test - Python (SlingTV),DISH,"American Fork, UT",https://indeed.com/viewjob?jk=0f09e73f196778e0
PYTHON,Zensar Technologies,"San Jose, CA",https://indeed.com/viewjob?jk=6055c07b9cb33321
Python Developer,SoftVision - North America & UK,"Raleigh, NC",https://indeed.com/viewjob?jk=c3fc0aa87b2b3a92
Python/Pyspark,Ace-stack LLC,"Carlsbad, CA",https://indeed.com/viewjob?jk=3056c850a1172275
Python-Developers,Celandyne Software Solutions,United States,https://indeed.com/viewjob?jk=e004e922fdd74fe6
Associate Bioinformatics Scientist,Fusion Technical Solutions,"San Diego, CA",https://indeed.com/viewjob?jk=2a1f5b61ac76b1bd
Security DevOps Python Developer,Verizon,"Basking Ridge, NJ",https://indeed.com/viewjob?jk=049e006faae7016e
"Associate Director, Informatics - Trend Detection",Humana,"Louisville, KY",https://indeed.com/viewjob?jk=58a12abd2d7a1e5d
"Software Engineer - Drupal, Java and Python",Triune Infomatics Inc,"San Ramon, CA",https://indeed.com/viewjob?jk=c34ae0e7d7201c1e
Data Science Intern,Mount Sinai,"New York, NY",https://indeed.com/viewjob?jk=f03f7e564e7147d3
Senior Python Engineer,"Use All Five, Inc.","Los Angeles, CA",https://indeed.com/viewjob?jk=790627441dcb205e
Application Developer/Validation Engineer (Python),Cybernetic Search,United States,https://indeed.com/viewjob?jk=33c41ceb5bb13945
Statistician,UCLA,"Los Angeles, CA",https://indeed.com/viewjob?jk=4f4509dab9ae46d5
Forensic Analyst,"FireEye, Inc.","New York, NY",https://indeed.com/viewjob?jk=5ffece47ee26b2ea
Python for Data Science-Developer,Wipro LTD,"Blue Ash, OH",https://indeed.com/viewjob?jk=1956d7f704aa4df6
AWS + DevOps,Cognizant Technology Solutions,"Hartford, CT",https://indeed.com/viewjob?jk=e6ee2d07cf8cfee0
Reverse Engineer Intern,"FireEye, Inc.","Reston, VA",https://indeed.com/viewjob?jk=c03d6d556d9448c6
Cheminformatics Technician,Dow,"Midland, MI",https://indeed.com/viewjob?jk=ac9fbdd41dbadade
SQL Analyst,Ingram Content Group,"La Vergne, TN",https://indeed.com/viewjob?jk=694648efd615b582
Reverse Engineer Intern – Binary Similarity,"FireEye, Inc.","New York, NY",https://indeed.com/viewjob?jk=454b0462fed36b41
Automation Engineer (JBehave/Cucumber/API's/Ruby or Python),SoftVision - TAMS,"Johns Creek, GA",https://indeed.com/viewjob?jk=2000fe3b3b44aa12
"Data Scientist (PYTHON, HADOOP)",SoftVision - TAMS,"Johns Creek, GA",https://indeed.com/viewjob?jk=d8e278b0c9236c38
QA Engineer,Deckers Brands,"Flagstaff, AZ",https://indeed.com/viewjob?jk=08a5a8cc3cd16a56
Python Developer,TRI SOLUTIONS,"Austin, TX",https://indeed.com/viewjob?jk=693bbb24d9dfc88c
Senior Python Developer,SoftVision - North America & UK,"Raleigh, NC",https://indeed.com/viewjob?jk=0758a68095d43f64
Okta idaas,Cognizant Technology Solutions,"Renton, WA",https://indeed.com/viewjob?jk=6581525e4450c21b
Data Engineer,Waterstone Mortgage Corporation,"Pewaukee, WI",https://indeed.com/viewjob?jk=63726c4770e3ccfb
Software Engineer,Piper Companies,"Morrisville, NC",https://indeed.com/viewjob?jk=a063c787af3dff5d
Python Software Developer I/II,Windstream Communications,"Greenville, SC",https://indeed.com/viewjob?jk=9a40c06b50144d99
Python Developer,Crypsis,"Washington, DC",https://indeed.com/viewjob?jk=8e4ebacefb7b323e
"Developer IV Specialized (Java, Python, AWS)",Technology Ventures,"Herndon, VA",https://indeed.com/viewjob?jk=63df32dc7b2a6887
SDET - Selenium WebDriver,Cybernetic Search,"San Francisco Bay Area, CA",https://indeed.com/viewjob?jk=841e289e60893263
Python Developer,JP Morgan Chase,"Columbus, OH",https://indeed.com/viewjob?jk=7547c0b10c8d2e67
Baseball Operations Analyst,Cincinnati Reds,"Cincinnati, OH",https://indeed.com/viewjob?jk=4c838823359e4272
Sr. Python Developer,RealPage,"Alpharetta, GA",https://indeed.com/viewjob?jk=2744945a82a23837
Research Scientist - Robotics Research,ABB,"Raleigh, NC",https://indeed.com/viewjob?jk=c9579b5bf2ffc3c5
Python Engineer,Nerdery,"Chicago, IL",https://indeed.com/viewjob?jk=8e111898df492a5d
Javascript Developer,Hardin Design,"Madison, WI",https://indeed.com/viewjob?jk=e50cd8272777853b
Software Engineer- Energy C++/Python,JP Morgan Chase,"Houston, TX",https://indeed.com/viewjob?jk=e0285ce2b2ff78f5
SIMULIA T&M Solution Consultant,Dassault Systèmes,"Dearborn, MI",https://indeed.com/viewjob?jk=76603211bbb1097f
Reverse Engineer Intern - Offensive Task Force,"FireEye, Inc.","Denver, CO",https://indeed.com/viewjob?jk=62e14b1688e2aeed
Automation-Engineer-Python,Celandyne Software Solutions,United States,https://indeed.com/viewjob?jk=5aad833f9322c7f0
Python Scripting-Engineer,Wipro LTD,"Englewood, CO",https://indeed.com/viewjob?jk=b0da6b773eb0a7ca
Senior Python Developer,EPAM Systems,"Sunnyvale, CA",https://indeed.com/viewjob?jk=d5db7b7b294861bc
"Investigator, Chemometrician",GSK,"Collegeville, PA",https://indeed.com/viewjob?jk=040cc18fecbbaa78
Digital Marketing Developer,CRATE & BARREL,"Northbrook, IL",https://indeed.com/viewjob?jk=2e8b07b31006f750
Applied Scientist Internship,Descartes Labs,"Santa Fe, NM",https://indeed.com/viewjob?jk=cc5dba19d64f69ef
Python Developer,Tavant Technologies,"Minneapolis, MN",https://indeed.com/viewjob?jk=5f3dcd8f68ed47eb
Infrastructure Engineer,Piper Companies,"Morrisville, NC",https://indeed.com/viewjob?jk=82585b344789f695
Junior Python Developer - Equinox Fitness,EQUINOX,"New York, NY",https://indeed.com/viewjob?jk=0e80b23b7536f00e
Aircraft Valuations Analyst (Entry Level) - Cirium - New York City,Reed Business Information,"New York, NY",https://indeed.com/viewjob?jk=5fd0b8f56404de10
Water Power Data Analysis and Programming Internship,National Renewable Energy Laboratory,"Boulder, CO",https://indeed.com/viewjob?jk=2303bdc281c20009
Baseball Operations Fellowship,Cleveland Indians - Baseball Operations,"Cleveland, OH",https://indeed.com/viewjob?jk=3f73856cc712192f
Energy Projects Cellular Solutions Internship (Summer 2020),Tesla,"Palo Alto, CA",https://indeed.com/viewjob?jk=64918f7915f21aa3
PYTHON DEVELOPER,Pythonwise,"Seattle, WA",https://indeed.com/viewjob?jk=1a20a1c56fb7df73
PYTHON,Zensar Technologies,"San Jose, CA",https://indeed.com/viewjob?jk=6055c07b9cb33321
"Intern - Quantum Computing Developer (Undergrad) Yorktown Heights, NY",IBM,"Yorktown Heights, NY",https://indeed.com/viewjob?jk=58bc1683d73be485
"Paid Summer Intern - Undergraduate, Data Science",Levi Strauss & Co.,"San Francisco, CA",https://indeed.com/viewjob?jk=99017df9e020da67
"Online Grader, Mentor, and Teaching Assistant",Art of Problem Solving,"San Diego, CA",https://indeed.com/viewjob?jk=aefe77fb105c8cd2
IDE Plugin Developer,"Hitachi America, Ltd.","Santa Clara, CA",https://indeed.com/viewjob?jk=44fca87d8b97b32b
Software Dev Engineer I,Oath Inc,"Sunnyvale, CA",https://indeed.com/viewjob?jk=7b89a65f4849e248
Baseball Operations Summer Intern,Oakland Athletics,"Oakland, CA",https://indeed.com/viewjob?jk=f059e069b3a555a4
Power Systems Internship (Summer 2020),Tesla,"Palo Alto, CA",https://indeed.com/viewjob?jk=a759c8cf7297c752
Technical Security Intern,Oath Inc,"Dulles, VA",https://indeed.com/viewjob?jk=2ad0d95711773e59
2020 Summer Internship - Data Science,Domino's,"Ann Arbor, MI",https://indeed.com/viewjob?jk=6b375e418434b8e3
Data Science Intern - Priority Health,Spectrum Health,"Grand Rapids, MI",https://indeed.com/viewjob?jk=dc65195f5783c761
Software Engineering Internship,Apple,"Santa Clara Valley, CA",https://indeed.com/viewjob?jk=b462839caec76930
Finite Element Simulation Intern,Apple,"Santa Clara Valley, CA",https://indeed.com/viewjob?jk=7a0b1c64adb46486
Perception Intern - Autonomous Vehicles,NVIDIA,"Santa Clara, CA",https://indeed.com/viewjob?jk=eb2f2946de61e6b9
Entry Level Test & Evaluation Engineer,BOEING,"Seattle, WA",https://indeed.com/viewjob?jk=64f91ed2e62c9593
Technology Intern,Warner Bros. Entertainment Group,"Burbank, CA",https://indeed.com/viewjob?jk=0dfc3dae4398756c
Technology Development Statistician,Intel,"Hillsboro, OR",https://indeed.com/viewjob?jk=80958c8f58acf2f7
"PhP/PYTHON DEVELOPER, #10561",InspiHER Tech,"Chicago, IL",https://indeed.com/viewjob?jk=f15aded7eb3d1958
Data Science Internship,Vectra,"San Jose, CA",https://indeed.com/viewjob?jk=4677e712f6cc6301
Entry Level - Software Developer,Smoothstack Inc,"Washington, DC",https://indeed.com/viewjob?jk=e49f6527e777a4a3
2020 Quant Trading Internship,Old Mission Capital,"Chicago, IL",https://indeed.com/viewjob?jk=e151354d796f0e07
Entry Level - Automation and Testing Software Developer,IBM,United States,https://indeed.com/viewjob?jk=2c091dbd1ec1c6e6
Python Developer,Avani Technology Solutions Inc,"Milpitas, CA",https://indeed.com/viewjob?jk=f65f341dc9f2093e
Data Science and Strategy Extern,Impossible Foods,"Redwood City, CA",https://indeed.com/viewjob?jk=bb680814333aca14
"Embedded Software Engineer Intern, AR/VR",Facebook,"Redmond, WA",https://indeed.com/viewjob?jk=ca778640d966c34d
Tech Animator,Method Studios,"Santa Monica, CA",https://indeed.com/viewjob?jk=5e7099aa6ccef0b3
Python Developer,JP Morgan Chase,"Columbus, OH",https://indeed.com/viewjob?jk=7547c0b10c8d2e67
"Technical Writer Intern, Summer 2020",Google,"New York, NY",https://indeed.com/viewjob?jk=b42d3a689e408a0c
"Research Intern, AR/VR Silicon Technology Benchmark",Facebook,"Menlo Park, CA",https://indeed.com/viewjob?jk=f59a5dc4e5ecea2c
RF Research and Data Analytics Intern,CREE,"Morgan Hill, CA",https://indeed.com/viewjob?jk=fcf4738f6a86fda9
Software Engineering Internship,Descartes Labs,"Santa Fe, NM",https://indeed.com/viewjob?jk=1514671a8eae00a6
Python,PIXOMONDO LLC.,"Los Angeles, CA",https://indeed.com/viewjob?jk=53862f19af1abba6
Software Engineer,Administrate,Remote,https://indeed.com/viewjob?jk=995c08b8eb2d0b39
Statistical Genetics Intern,Bayer,"Woodland, CA",https://indeed.com/viewjob?jk=41cb6bae1cc316e5
Data Science Intern,Bosch Group,"Sunnyvale, CA",https://indeed.com/viewjob?jk=fc072cf68d7574af
Associate Data Scientist SNKRS,Nike,"New York, NY",https://indeed.com/viewjob?jk=a404da0bd71fb292
Python Software Engineering Internship,"Red Hat, Inc.","Raleigh, NC",https://indeed.com/viewjob?jk=c9c280ce6350c8b1
Bioinformatics Summer Intern,LabCorp,"San Diego, CA",https://indeed.com/viewjob?jk=30ddd79b94261526
"Summer Intern, Oncology Translational Genomics (Data Analysis)",Takeda Pharmaceuticals,"Boston, MA",https://indeed.com/viewjob?jk=9481a5d89265060c
Statistician,UCLA,"Los Angeles, CA",https://indeed.com/viewjob?jk=4f4509dab9ae46d5
Software Engineer Intern,Schweitzer Engineering Laboratories,"Pullman, WA",https://indeed.com/viewjob?jk=6ed2fc373add9d76
Economist/Analyst Intern,Houzz,"Palo Alto, CA",https://indeed.com/viewjob?jk=3a121e6a14e144de
Jr Pipeline Technical Director (Python),Method Studios,"Santa Monica, CA",https://indeed.com/viewjob?jk=b006feaab7bc6ffd
Robotics Mechatronics Engineering Intern,Maxar Technologies,"Pasadena, CA",https://indeed.com/viewjob?jk=6e3ba921798081a4
MAIDAP Data Scientist- Students and Recent Graduates,Microsoft,"Cambridge, MA",https://indeed.com/viewjob?jk=c2609ea2acf765f2
Internship (Software),PayIt - The Industry Leader In GovTech,"Kansas City, MO",https://indeed.com/viewjob?jk=146f756d1d4f1ea0
"Technical Writer Intern, Summer 2020",Google,"New York, NY",https://indeed.com/viewjob?jk=b42d3a689e408a0c
Junior Python Developer - Equinox Fitness,EQUINOX,"New York, NY",https://indeed.com/viewjob?jk=0e80b23b7536f00e
RF Research and Data Analytics Intern,CREE,"Morgan Hill, CA",https://indeed.com/viewjob?jk=fcf4738f6a86fda9
Data Science and Strategy Extern,Impossible Foods,"Redwood City, CA",https://indeed.com/viewjob?jk=bb680814333aca14
Technical Data Analyst,New York Public Radio,"New York, NY",https://indeed.com/viewjob?jk=2da05f47228c0015
"Video Business Data Scientist, Apple Media Products Data Science",Apple,"Santa Clara Valley, CA",https://indeed.com/viewjob?jk=abf630348dd381d6
Python Developer,Callsign Media,"Las Vegas, NV",https://indeed.com/viewjob?jk=345e22ca6e583be5
Renewable Energy Co-Op/Intern,GE Renewable Energy,"Schenectady, NY",https://indeed.com/viewjob?jk=b0a1931d78c50333
Jr. Quantitative Researcher,Hap Capital,"New York, NY",https://indeed.com/viewjob?jk=a288a863160ee22c
Machine Learning Eng Intern,Intel,"Boulder, CO",https://indeed.com/viewjob?jk=eb249baa90e6086d
Python Developer,Crypsis,"Washington, DC",https://indeed.com/viewjob?jk=8e4ebacefb7b323e
BI Developer,New Directions Behavioral Health,"Overland Park, KS",https://indeed.com/viewjob?jk=1c845bb03db5e78f
Jr. Consultant,Nutanix,"Bentonville, AR",https://indeed.com/viewjob?jk=a22fb0689ddd329b
Python,PIXOMONDO LLC.,"Los Angeles, CA",https://indeed.com/viewjob?jk=53862f19af1abba6
Software Engineering Internship - Engineering Internships,Slack,"New York, NY",https://indeed.com/viewjob?jk=0826de29e5f346ce
Robotics Mechatronics Engineering Intern,Maxar Technologies,"Pasadena, CA",https://indeed.com/viewjob?jk=6e3ba921798081a4
"Data programmer level 1, GHSC-PSM",Chemonics International,"Arlington, VA",https://indeed.com/viewjob?jk=6369fa7828cead89
Research Analyst,Federal Reserve Bank of Chicago,"Chicago, IL",https://indeed.com/viewjob?jk=716780f8129c3b97
Intern - Analytics,Federal Home Loan Bank,"Indianapolis, IN",https://indeed.com/viewjob?jk=1257daef3a830ed3
Software Engineer Internship,Western Asset Management,"Pasadena, CA",https://indeed.com/viewjob?jk=22cdadbaaec3189e
Research Data Analyst Intern - Winter/Spring 2020,NVIDIA,"Santa Clara, CA",https://indeed.com/viewjob?jk=59e7fc38837dd7f4
"Network Engineer, Intern",Facebook,"Seattle, WA",https://indeed.com/viewjob?jk=86754b42e54bdcda
Player Development Intern,The Seattle Mariners,"Seattle, WA",https://indeed.com/viewjob?jk=2e638b5053a627a8
R&D Computer Modeling and Optical Measurements Internship,OSRAM SYLVANIA,"Beverly, MA",https://indeed.com/viewjob?jk=9931ba983582d5be
Data Analyst - SOCSOUTH,Barbaricum,"Homestead, FL",https://indeed.com/viewjob?jk=80abeb39773c9ac6
"Software Intern, Summer 2020",Apeel Sciences,"Santa Barbara, CA",https://indeed.com/viewjob?jk=1cab8358599a02c2
Software Intern - Robotics,NVIDIA,"Santa Clara, CA",https://indeed.com/viewjob?jk=1157c9688b1df9ef
Python Developer,"SolutionIT, Inc.","Dallas, TX",https://indeed.com/viewjob?jk=84f3d93f8fa447fe
Python Developer,Avani Technology Solutions Inc,"Milpitas, CA",https://indeed.com/viewjob?jk=f65f341dc9f2093e
Developer,Global Strategy Group,"New York, NY",https://indeed.com/viewjob?jk=cbb75e74d1dba95a
Software Engineer - Recent/Upcoming Graduates,Performance,"Phoenix, AZ",https://indeed.com/viewjob?jk=0791bbc1ac28c65e
Javascript Developer,Hardin Design,"Madison, WI",https://indeed.com/viewjob?jk=e50cd8272777853b
Python Developer in Test - Python (SlingTV),DISH,"American Fork, UT",https://indeed.com/viewjob?jk=0f09e73f196778e0
Python Engineer,Nerdery,"Chicago, IL",https://indeed.com/viewjob?jk=8e111898df492a5d
Machine Learning Engineer Intern,Lenovo,"Morrisville, NC",https://indeed.com/viewjob?jk=c890e4fa9aa36bb2
Data Analytics Summer Internship,Lincoln Financial,"Greensboro, NC",https://indeed.com/viewjob?jk=8668d4de27d7cb77
Quay Engineering Internship,"Red Hat, Inc.","New York, NY",https://indeed.com/viewjob?jk=757a674c807a15f7
Small Cells Hardware Intern Mechanical,NOKIA,"Naperville, IL",https://indeed.com/viewjob?jk=18520b4f11db1a8c
BI Tableau Developer,New York Life Insurance Co,"New York, NY",https://indeed.com/viewjob?jk=18ede6b98e421df7
Tech Animator,Method Studios,"Santa Monica, CA",https://indeed.com/viewjob?jk=5e7099aa6ccef0b3
"Data Scientist, Marketplace – all levels",Spotify,"New York, NY",https://indeed.com/viewjob?jk=24b76f7b35e13949
Machine Learning for Audio Analytics Intern,Bosch Group,"Sunnyvale, CA",https://indeed.com/viewjob?jk=98870ccec74bd47e
Software Developer: IBM Tech Re Entry,IBM,"Poughkeepsie, NY",https://indeed.com/viewjob?jk=7bd5a03b11960f3d
Energy - Design Engineering Internship (Spring 2020),Tesla,"Palo Alto, CA",https://indeed.com/viewjob?jk=a6161613992afdf8
Entry Level - Back End Developer,IBM,United States,https://indeed.com/viewjob?jk=b3bf9d48375caaa3
AWS Developer,Arthur Grand Technologies,"Herndon, VA",https://indeed.com/viewjob?jk=9bd8bab719763a0f
Associate Data Scientist SNKRS,Nike,"New York, NY",https://indeed.com/viewjob?jk=a404da0bd71fb292
Data Analyst,Rice University,"Houston, TX",https://indeed.com/viewjob?jk=03ceb1497105f0c1
Software Developer - Python,DISH,"Superior, CO",https://indeed.com/viewjob?jk=7dbf58f984bbd686
Python Test engineer,AiRo Digital Labs,"San Jose, CA",https://indeed.com/viewjob?jk=8daab1de57d9f898
Python C++ Developers / Abinitio,Avani Technology Solutions Inc,"Chicago, IL",https://indeed.com/viewjob?jk=bfea54ca0619df58
Python Developer,"Futrend Technology, Inc.","Vienna, VA",https://indeed.com/viewjob?jk=ab2ae555308834e1
Python Application Developer,JP Morgan Chase,"Plano, TX",https://indeed.com/viewjob?jk=a5642f94b3cbbdfb
Entry Level Data Scientists,Foxconn Technology Group,"Milwaukee, WI",https://indeed.com/viewjob?jk=b0ffc17ebd0468cc
Associate Bioinformatics Scientist,Fusion Technical Solutions,"San Diego, CA",https://indeed.com/viewjob?jk=2a1f5b61ac76b1bd
Full Time Opportunities for Students and Recent Graduates with Security Clearance: Software Development,Microsoft,"Redmond, WA",https://indeed.com/viewjob?jk=f9bd9924987f3060
Python Developer,Q2ebanking,"Austin, TX",https://indeed.com/viewjob?jk=c883e00b9729c987
CHATBOT PYTHON DEVELOPER,Talan,"New York, NY",https://indeed.com/viewjob?jk=0a59e760e8cf016c
Software Engineer (Entry Level),"SRC, Inc.","Dayton, OH",https://indeed.com/viewjob?jk=6dc99f52bced96ab
"Summer 2020: Intern: Software engineer (C#, C++, Python) $20-$24 per hour",Quest Analytics,"Overland Park, KS",https://indeed.com/viewjob?jk=3cb2ba25f30c0b62
Python – Full Stack Developer,iknowvate technologies,"Detroit, MI",https://indeed.com/viewjob?jk=f23edc5a2e15e146
Internship Opportunities for Students: Data & Applied Sciences,Microsoft,"Redmond, WA",https://indeed.com/viewjob?jk=7688bf23a4e8e7c6
Software Engineer Intern (Python),Vectorworks Inc.,"Columbia, MD",https://indeed.com/viewjob?jk=36290cf256667273
Python Developer,IQ Hunt,"Bloomington, MN",https://indeed.com/viewjob?jk=00244ee7f91b51bb
Python Developer,CyberData Technologies,"Tuscaloosa, AL",https://indeed.com/viewjob?jk=ce35fae73f45d1a1
Data Engineer (Entry level),NCR,"Redwood City, CA",https://indeed.com/viewjob?jk=d26fb543d03405b0
Entry Level Test & Evaluation Engineer,BOEING,"Seattle, WA",https://indeed.com/viewjob?jk=64f91ed2e62c9593
Python Developer,Tavant Technologies,"Minneapolis, MN",https://indeed.com/viewjob?jk=5f3dcd8f68ed47eb
"Associate Director, Informatics - Trend Detection",Humana,"Louisville, KY",https://indeed.com/viewjob?jk=58a12abd2d7a1e5d
Software Developer (Python),PHD Virtual,"Morris Plains, NJ",https://indeed.com/viewjob?jk=bed21456eee8b978
Python Developer - Analyst,BlackRock,"New York, NY",https://indeed.com/viewjob?jk=f16139f2e04677b0
Jr. Scientific Programmer,Harvard University,"Boston, MA",https://indeed.com/viewjob?jk=881fd0586f602ad9
Data Scientist - Entry Level,Customer Value Partners,"Washington, DC",https://indeed.com/viewjob?jk=8c9277695be5f139
Security DevOps Python Developer,Verizon,"Basking Ridge, NJ",https://indeed.com/viewjob?jk=049e006faae7016e
Hadoop – Pyspark – Python,TeQbeat,"Los Angeles, CA",https://indeed.com/viewjob?jk=37947daa1d10ee96
Jr Pipeline Technical Director (Python),Method Studios,"Santa Monica, CA",https://indeed.com/viewjob?jk=b006feaab7bc6ffd
Language Data Researcher - Hindi,"Amazon.com Services, Inc.","Boston, MA",https://indeed.com/viewjob?jk=2e2af2c07c54230d
"Junior Analyst, Data",HarperCollins Publishers Inc.,"New York, NY",https://indeed.com/viewjob?jk=977d1aa7722eafeb
Python Back end Developer in Test,Verizon,"Atlanta, GA",https://indeed.com/viewjob?jk=1ea16ad30964b93a
Data Science Intern - Priority Health,Spectrum Health,"Grand Rapids, MI",https://indeed.com/viewjob?jk=dc65195f5783c761
"Software Engineer - Drupal, Java and Python",Triune Infomatics Inc,"San Ramon, CA",https://indeed.com/viewjob?jk=c34ae0e7d7201c1e
"Internships, Nickelodeon Animation Technology - Summer 2020",Viacom,United States,https://indeed.com/viewjob?jk=3ceeea8c47a632bd
Ab Initio Developer,Crypsis,"Durham, NC",https://indeed.com/viewjob?jk=dbcf8e511eaa62d7
Sync Python Automation Developer in Test,Ford Motor Company,"Dearborn, MI",https://indeed.com/viewjob?jk=23b9496925d931f5
"Python, Django Developer",ITL USA,"Hartford, CT",https://indeed.com/viewjob?jk=dee68b1437396d62
Senior Python Developer,SoftVision - North America & UK,"Raleigh, NC",https://indeed.com/viewjob?jk=0758a68095d43f64
Python / C++ Engineer,ITL USA,"Philadelphia, PA",https://indeed.com/viewjob?jk=199c39feb3423cf7
Backend Engineer - Integrations - Cryptowatch (Remote),kraken,Remote,https://indeed.com/viewjob?jk=4264cc845b2a9dcf
Data Scientist,Informa,"Fort Lauderdale, FL",https://indeed.com/viewjob?jk=0f2bfbee8174c464
Python developer,Nextshift,"Bethlehem, PA",https://indeed.com/viewjob?jk=edab7450206fac06
"Python, Hadoop, and Machine Learning Software Engineer",JP Morgan Chase,"Wilmington, DE",https://indeed.com/viewjob?jk=d85cf102c975425c
"Intern, Baseball Analytics (Full-Season)",Miami Marlins,"Jupiter, FL",https://indeed.com/viewjob?jk=daa6cc201c26ae2a
Applied Perception Scientist - Image and Color,Facebook,"Redmond, WA",https://indeed.com/viewjob?jk=77f86b9334dc0f8d
Scientific Informatics Analyst,Accenture,"New York, NY",https://indeed.com/viewjob?jk=5c858dc7770dec01
Clinical Data Analyst,McKesson,Remote,https://indeed.com/viewjob?jk=513be7ae78759235
Data Scientist (Python Coder),ERPi,"Bethesda, MD",https://indeed.com/viewjob?jk=f2b0d7534d04d72e
Junior Software Engineer,"Agilysys, Inc.","Bellevue, WA",https://indeed.com/viewjob?jk=c3b8fe962f9f92f7
Backend Engineer,Qwil PBC,"San Francisco, CA",https://indeed.com/viewjob?jk=744adc597112f3b2
Software Engineer Summer Internship 2020,IBKR,"Greenwich, CT",https://indeed.com/viewjob?jk=af642382b7665f1d
Mixed Methods Researcher,"Amazon.com Services, Inc.","Seattle, WA",https://indeed.com/viewjob?jk=db3e7e7988ec23e2
Data Scientist,Oak Street Health,"Chicago, IL",https://indeed.com/viewjob?jk=c33cd0ec99371682
Web Developer Entry Level,ECS Federal LLC,"Indianapolis, IN",https://indeed.com/viewjob?jk=66bdf9ddcab4e21a
Entry Level - Cognitive Developer,IBM,United States,https://indeed.com/viewjob?jk=a2608d9d76903716
Data Analyst,Smarter Sorting,"Austin, TX",https://indeed.com/viewjob?jk=13868b0983aa777f
"Intern, Machine Learning Infrastructure",Waymo,"Mountain View, CA",https://indeed.com/viewjob?jk=af3406555bf69899
Back-end Engineer (Python),CartPilot.,"Chicago, IL",https://indeed.com/viewjob?jk=b4ac68e9141d6ba7
"Infrastructure Engineer - Python, Java, Ruby",American Express,"New York, NY",https://indeed.com/viewjob?jk=37925b713519dca2
DATA ANALYST,University of Wisconsin–Madison,"Madison, WI",https://indeed.com/viewjob?jk=1626ad7b505d4e53
Python Programmer,IBM,"Huntsville, AL",https://indeed.com/viewjob?jk=939199af86e18f39
Labeling Operations Associate,Aurora Tech,"San Francisco, CA",https://indeed.com/viewjob?jk=f7e80df5aecbb255
Expert Python Developer,Cybernetic Search,"Seattle, WA",https://indeed.com/viewjob?jk=1de0d3aa828eabdb
C++ / Python Developer,CentralSquare Technologies,"Sioux Falls, SD",https://indeed.com/viewjob?jk=fce058bf5b7ee19c
Backend Engineer (Python/Django),Albert,"Los Angeles, CA",https://indeed.com/viewjob?jk=7a98bce5660297e3
Software Dev Engineer I,Oath Inc,"Sunnyvale, CA",https://indeed.com/viewjob?jk=7b89a65f4849e248
Python Developer,Frontend Arts,"San Jose, CA",https://indeed.com/viewjob?jk=246c1a9955e16dd1
Business Intelligence Developer,Grant Street Group,Remote,https://indeed.com/viewjob?jk=aca149010cf2c6fd
Attack Developer,National Security Agency,"Fort Meade, MD",https://indeed.com/viewjob?jk=7069a82509708af2
Assistant Ecological Data Scientist,Battelle,"Boulder, CO",https://indeed.com/viewjob?jk=14744e0ddf2e3a9f
Full Time Opportunities for Students or Recent Graduates: UX Design & Research,Microsoft,"Redmond, WA",https://indeed.com/viewjob?jk=78206737901e9de0
Research Science Intern,LOCKHEED MARTIN CORPORATION,"Billerica, MA",https://indeed.com/viewjob?jk=cd82dc92544d2d6d
MATCHMOVERS,Gradient Effects,"Los Angeles, CA",https://indeed.com/viewjob?jk=f4f6c6a51596e7e9
Applied Scientist Intern,"Amazon.com Services, Inc.","New York, NY",https://indeed.com/viewjob?jk=e5ba8330b5dd944d
Data Scientist,Architecture Technology Corporation (ATCorp),"San Jose, CA",https://indeed.com/viewjob?jk=39482a4dd3926882
C#/Python Developer,Avani Technology Solutions Inc,"Chicago, IL",https://indeed.com/viewjob?jk=6816e989e8b4a663
Data Scientist,National Security Agency,"Fort Meade, MD",https://indeed.com/viewjob?jk=fb57cee2f9026ea5
Contingent - Python Developer,First Republic Bank,"San Francisco, CA",https://indeed.com/viewjob?jk=66bfe56c092d4447
Software Engineer (Entry Level),BOEING,"Jacksonville, FL",https://indeed.com/viewjob?jk=9c9012db9294b3dc
Data Scientist,Spry Health,"Palo Alto, CA",https://indeed.com/viewjob?jk=cca66786a20e3576
Endeavor Insight Summer Internship,Endeavor,United States,https://indeed.com/viewjob?jk=36b73daacf7f8a82
Research Analyst,Federal Reserve Bank of Chicago,"Chicago, IL",https://indeed.com/viewjob?jk=716780f8129c3b97
Python Engineer,ITL USA,"Philadelphia, PA",https://indeed.com/viewjob?jk=31075144fb3fbfce
Entry Level DevOps Engineer,LIME BROKERAGE,"New York, NY",https://indeed.com/viewjob?jk=612e593471f05781
QA Engineer,Piper Companies,"Raleigh, NC",https://indeed.com/viewjob?jk=5537199711173956
Software Engineer (Embedded Python),Milestone AV Technologies,"Minneapolis, MN",https://indeed.com/viewjob?jk=e10c58a8f1b89ecd
TechHire Instructors,Research Foundation of The City University of New...,"New York, NY",https://indeed.com/viewjob?jk=145093d65d2e0a4b
Jr. Consultant,Nutanix,"Detroit, MI",https://indeed.com/viewjob?jk=cafc8eba39d35fcd
Analytical Linguist,Google,"Los Angeles, CA",https://indeed.com/viewjob?jk=d61067281e439315
Python разработчик,WaveAccess,United States,https://indeed.com/viewjob?jk=d6df26980f5d9a81
Associate Data Scientist,Macmillan Publishers,"New York, NY",https://indeed.com/viewjob?jk=490ddcb36895e158
Data Science Intern,Bayer,"Chesterfield, MO",https://indeed.com/viewjob?jk=1efaa793eb050fe5
Python Scripting-Engineer,Wipro LTD,"Englewood, CO",https://indeed.com/viewjob?jk=b0da6b773eb0a7ca
Quant Trader,Hudson River Trading,"New York, NY",https://indeed.com/viewjob?jk=6381db8bb661e506
Data Science Intern,Bosch Group,"Sunnyvale, CA",https://indeed.com/viewjob?jk=fc072cf68d7574af
Data Scientist,IBM,United States,https://indeed.com/viewjob?jk=2cb3931b92d57b06
Python Developer,ION,"New York, NY",https://indeed.com/viewjob?jk=196329512058abc9
Data and Analytics Team,Warren for President,United States,https://indeed.com/viewjob?jk=836955f3898baf52
2020 Intern - Data Scientist,IBM,United States,https://indeed.com/viewjob?jk=1de6a9e3c3eb1a37
Python Developer,ITL USA,"New York, NY",https://indeed.com/viewjob?jk=05c9b6ddf08e16b8
Python Engineer,Dubizzle - an OLX company,"Dubai, United Arab Emirates",https://stackoverflow.com/jobs/322041
サーバエンジニア,合同会社DMM.com,"Minato City, Japan",https://stackoverflow.com/jobs/322037
AWS運用管理 (ITアウトソーシング事業) Java,株式会社スタッフサービス,"Minato City, Japan",https://stackoverflow.com/jobs/322034
AWS運用管理 (ITアウトソーシングサービス) Java,株式会社スタッフサービス,"Minato City, Japan",https://stackoverflow.com/jobs/322033
Androidエンジニア / インターネット/Webサービス・ASP,株式会社 Voicy,"Shibuya City, Japan",https://stackoverflow.com/jobs/322031
サーバサイドエンジニア,株式会社ネックネッコ,"千代田区, Japan",https://stackoverflow.com/jobs/317626
デスクトップアプリエンジニア / IoT・M2M・ロボット,株式会社 FullDepth,"Taito City, Japan",https://stackoverflow.com/jobs/322027
iOSエンジニア / モバイル/アプリサービス,株式会社 ラボック,"Shinjuku City, Japan",https://stackoverflow.com/jobs/322025
リードゲームエンジニア / ゲーム・エンタメ,株式会社 DeNA Games Tokyo,"千代田区, Japan",https://stackoverflow.com/jobs/322023
iOS/Androidアプリのバックエンドエンジニア harmo事業部,シミックホールディングス株式会社,"Minato City, Japan",https://stackoverflow.com/jobs/322022
ゲームプログラマー / ゲーム・エンタメ,株式会社 アドア,"Chiyoda City, Japan",https://stackoverflow.com/jobs/320469
年収600万円~/SE,株式会社カンム,"Shibuya City, Japan",https://stackoverflow.com/jobs/322014
リモート/フルフレックス脆弱性診断自動化プロダクトを0から開発するフルスタックエンジニア募集,ココン株式会社,"Osaka, Japan",https://stackoverflow.com/jobs/322012
プログラマー・SE,株式会社フォーサイト・バリュー・テクノロジー,"Sumida City, Japan",https://stackoverflow.com/jobs/322009
システム開発,type転職エージェント,"千代田区, Japan",https://stackoverflow.com/jobs/311014
ITソフトウェア開発技術者,ワークタンク,"Shinjuku City, Japan",https://stackoverflow.com/jobs/321995
プログラマ,ソルクリエイト株式会社,"Minato City, Japan",https://stackoverflow.com/jobs/321994
半導体 医療機器 電力などのアプリケーション開発など,株式会社プレコ,"Chiyoda City, Japan",https://stackoverflow.com/jobs/321990
自社アプリの改善や最新技術でのアプリ開発、小規模プロジェクト開発に関わりたいエンジニア大募集!,株式会社GoQSystem,"Osaka, Japan",https://stackoverflow.com/jobs/310816
サーバーサイドエンジニア,株式会社YUIDEA,"Bunkyo City, Japan",https://stackoverflow.com/jobs/317852
"血液解析技術研究職 / AI開発 / C++,Python",株式会社CardioFlowDesign,"Chiyoda City, Japan",https://stackoverflow.com/jobs/310786
データサイエンティスト兼事業企画,type転職エージェント,"Shibuya City, Japan",https://stackoverflow.com/jobs/312835
製品開発[IT]/基礎研究･R&D,株式会社IPG,"Chuo City, Japan",https://stackoverflow.com/jobs/321984
データエンジニア,株式会社ブレインパッド,"Minato City, Japan",https://stackoverflow.com/jobs/310802
UXMK003 データ分析基盤,type転職エージェント,"Minato City, Japan",https://stackoverflow.com/jobs/310101
データサイエンティスト(次世代システム研究室),GMOインターネット株式会社,"Shibuya City, Japan",https://stackoverflow.com/jobs/310084
年収600万円~/SE,ラトナ株式会社,"Shibuya City, Japan",https://stackoverflow.com/jobs/321982
Ruby/Railsエンジニア / システムインテグレータ・ソフトハウス,株式会社 ゼロフィールド,"Minato City, Japan",https://stackoverflow.com/jobs/321980
Pythonエンジニア / システムインテグレータ・ソフトハウス,株式会社 ゼロフィールド,"Minato City, Japan",https://stackoverflow.com/jobs/321979
開発エンジニア,株式会社リボルバー,"Minato City, Japan",https://stackoverflow.com/jobs/321978
サーバーエンジニア/スペシャリスト/ビジネスコンサル/新規事業/幹部ポスト,株式会社レナータ,"Shibuya City, Japan",https://stackoverflow.com/jobs/321977
ヤバいバックエンドエンジニア,株式会社ISAO,"Taito City, Japan",https://stackoverflow.com/jobs/320067
サーバーサイドエンジニア,VIVITA株式会社,"Chuo City, Japan",https://stackoverflow.com/jobs/321972
医療関連企業でのWebエンジニア,株式会社エーティーエス,"Minato City, Japan",https://stackoverflow.com/jobs/321971
システムエンジニア,株式会社シャインソフト,"Minato City, Japan",https://stackoverflow.com/jobs/321964
サーバーエンジニア,株式会社トリプルクラウンズ,"Shinjuku City, Japan",https://stackoverflow.com/jobs/321961
RPAエンジニア・駅近,サポタント株式会社,"港区, Japan",https://stackoverflow.com/jobs/320055
システムエンジニア,株式会社　グローバルイノベーション,"Shinjuku City, Japan",https://stackoverflow.com/jobs/321957
Python/Ruby/Perl/PHPエンジニア,株式会社ビットストロング,"Minato City, Japan",https://stackoverflow.com/jobs/318061
ネイティブゲームのサーバサイドエンジニア,株式会社インタラクティブブレインズ,"Minato City, Japan",https://stackoverflow.com/jobs/320045
バックエンドエンジニア(アーキテクト),株式会社ウィルゲート,"Shibuya City, Japan",https://stackoverflow.com/jobs/321939
チケットシステムの開発,株式会社エーティーエス,"Setagaya City, Japan",https://stackoverflow.com/jobs/321935
エンジニア,株式会社ゴゴジャン,"Bunkyo City, Japan",https://stackoverflow.com/jobs/321932
ネットワーク運用,株式会社　グローバルイノベーション,"Shinjuku City, Japan",https://stackoverflow.com/jobs/321931
Webエンジニア,株式会社エヌ・ティー・エス,"Nagoya, Japan",https://stackoverflow.com/jobs/321929
(Java)メルマガ及びプッシュ通知配信におけるマーケティングプラットフォーム設計/開発/運用案件,レバテック株式会社,"Setagaya City, Japan",https://stackoverflow.com/jobs/321927
SE(ビジネスアプリケーション系),パーソル パナソニック HRパートナーズ株式会社 テクニカル事業本部,"大田区, Japan",https://stackoverflow.com/jobs/318184
運用管理・保守,スタッフマーケティング株式会社,"Chuo City, Japan",https://stackoverflow.com/jobs/321926
ゲーム機搭載アプリの自動化環境構築,株式会社エーティーエス,"Minato City, Japan",https://stackoverflow.com/jobs/310833
Python Engineer,Iress,"Sydney, Australia",https://stackoverflow.com/jobs/283928
"Data Engineer, Game Analytics",Rockstar Games,"Carlsbad, CA",https://stackoverflow.com/jobs/306437
アプリケーションエンジニア(Web系),株式会社イマジカデジタルスケープ,"Shinjuku City, Japan",https://stackoverflow.com/jobs/310987
【FY21新卒】ソフトウェアエンジニア,エムスリー株式会社,"Minato City, Japan",https://stackoverflow.com/jobs/321916
Webエンジニア/アプリ,株式会社SIGNATE,"Chiyoda City, Japan",https://stackoverflow.com/jobs/316851
データエンジニアビッグデータ分析/AIを活用したモデル開発・実装/DMP・MAツールとの連携,type転職エージェント,"Minato City, Japan",https://stackoverflow.com/jobs/310035
エンジニア(Webアプリ・スマホアプリ・フロントエンド),チームラボ株式会社,"Chiyoda City, Japan",https://stackoverflow.com/jobs/309969
Java 現行WEBサイト改修・開発業務,エンジニア・ファクトリー,"Osaka, Japan",https://stackoverflow.com/jobs/312278
Data Engineer,NewWave,"Baltimore, MD",https://stackoverflow.com/jobs/321894
Sr Data Scientist,NewWave,"Baltimore, MD",https://stackoverflow.com/jobs/321893
DevOps Engineer,Cover Genius,"Sydney, Australia",https://stackoverflow.com/jobs/321891
Packet Wrangler,Automattic,No office location,https://stackoverflow.com/jobs/321889
"Senior Application Developer - (Go, Python, Java, Scala)",Memorial Sloan Kettering Cancer Center,"New York, NY",https://stackoverflow.com/jobs/306454
Senior Data Engineer (with Java),"Backblaze, Inc.","San Francisco, CA",https://stackoverflow.com/jobs/293784
Java Backend Engineer with 10+ yrs,"Backblaze, Inc.","San Mateo, CA",https://stackoverflow.com/jobs/284244
Senior Mobile Engineer,Bitstop,"Palmetto Bay, FL",https://stackoverflow.com/jobs/321885
Full Stack Web Developer (Fast Growing Startup),Fellow.App,"Ottawa, ON, Canada",https://stackoverflow.com/jobs/249676
Senior Backend Engineer,Bitstop,"Palmetto Bay, FL",https://stackoverflow.com/jobs/321883
"Engineering Manager, Machine Learning","Wikimedia Foundation, Inc.",No office location,https://stackoverflow.com/jobs/321881
Software Developer in Test,Instructure,"Budapest, Hungary",https://stackoverflow.com/jobs/207473
Senior Data Analyst,First Orion,"Bellevue, WA",https://stackoverflow.com/jobs/321879
Sr. Member Technical Staff,Carbon Black,"Boulder, CO",https://stackoverflow.com/jobs/321878
Software Engineer,Rho AI,No office location,https://stackoverflow.com/jobs/290564
Python Software Engineer,Nuxeo,"Paris, France",https://stackoverflow.com/jobs/306434
Senior Software Engineer (edge computing),Semiotic Labs BV,"Leiden, Netherlands",https://stackoverflow.com/jobs/321876
Senior Full-Stack Engineer,BlueVine,"Redwood City, CA",https://stackoverflow.com/jobs/290574
Python Backend Engineer,Tessian,"London, UK",https://stackoverflow.com/jobs/288862
Senior Python Engineer,BlueVine,"Redwood City, CA",https://stackoverflow.com/jobs/290573
Data Engineer,BlueVine,"Redwood City, CA",https://stackoverflow.com/jobs/290571
DevOps - Infrastructure Developer,NAVIS,"Portland, OR",https://stackoverflow.com/jobs/284258
"Technical Team Lead - Multi-Stack, Very Hands-On",NAVIS,"Portland, OR",https://stackoverflow.com/jobs/306430
Software Developer,Geotab,"Waterloo, ON, Canada",https://stackoverflow.com/jobs/306429
Sr. Software Engineer,Rho AI,No office location,https://stackoverflow.com/jobs/283906
DevOps Engineer,BlueVine,"Redwood City, CA",https://stackoverflow.com/jobs/290570
Software Engineer,Dafiti,"Palermo, Argentina",https://stackoverflow.com/jobs/192034
"Full-Stack Software Engineer (Python, Linux) in Princeton on a strong team","Edgestream Partners, L.P.","Princeton, NJ",https://stackoverflow.com/jobs/249642
Data Scientist - Deep Learning,The Climate Corporation,"San Francisco, CA",https://stackoverflow.com/jobs/270211
"Engineer, Software Defined Radio (SDR) / Digital Signal Processing (DSP)",WhiteFox Defense Technologies Inc.,"San Luis Obispo, CA",https://stackoverflow.com/jobs/290566
Site Reliability Lead,Tessian,"London, UK",https://stackoverflow.com/jobs/288409
Senior Applied Data Scientist,Tessian,"London, UK",https://stackoverflow.com/jobs/308047
Security Engineer - Lead,Tessian,"London, UK",https://stackoverflow.com/jobs/288407
Platform Engineer,Tessian,"London, UK",https://stackoverflow.com/jobs/273046
Frontend Engineer,Tessian,"London, UK",https://stackoverflow.com/jobs/294429
Desarrollador Python / Django junior,Tuyú Technology,"Pozuelo de Alarcón, Spain",https://stackoverflow.com/jobs/321852
Software Developer,Geotab,"Oakville, ON, Canada",https://stackoverflow.com/jobs/306394
DevOps (Python),Walters People,"Madrid, Spain",https://stackoverflow.com/jobs/321845
Lead Data Scientist,Blue Orange Digital,"Alexandria, VA",https://stackoverflow.com/jobs/321837
Frontend / Backend Developer (Startup EEUU ),TecSolutions,"Barcelona, Spain",https://stackoverflow.com/jobs/321836
Data Scientist,Blue Orange Digital,No office location,https://stackoverflow.com/jobs/297351
Senior Software Engineer in Core,Packet Fabric,No office location,https://stackoverflow.com/jobs/321826
Data Engineer,Blue Orange Digital,No office location,https://stackoverflow.com/jobs/299049
Senior Full Stack Software Engineer (React Apollo Graphql Python Docker Django),FineTune Learning,No office location,https://stackoverflow.com/jobs/270372
Software Engineer,"LIBERA, INC.",No office location,https://stackoverflow.com/jobs/321824
Software Trainee-Programm für Studienabgänger (100%),M&F Engineering AG,"Weiningen, Schweiz",https://stackoverflow.com/jobs/233263
Senior Data Engineer,Lynx Analytics,Singapore,https://stackoverflow.com/jobs/301448
Senior Python Developer,Sharp Notions LLC,"Fairport, NY",https://stackoverflow.com/jobs/283834
Senior Data Analyst,First Orion,"Little Rock, AR",https://stackoverflow.com/jobs/321815
Senior Devops Engineer,eMerchantPay,"Sofia, Bulgaria",https://stackoverflow.com/jobs/162938
Senior Software Engineer – Distributed Systems,Skyscanner,"London, UK",https://stackoverflow.com/jobs/306339
Integration Test Engineer,"ThreatConnect, Inc.",No office location,https://stackoverflow.com/jobs/296030
Software Developer Go - live video streaming cloud platform,Make.TV,"Köln, Deutschland",https://stackoverflow.com/jobs/321792
Junior/Mid-level Full Stack Developer,Macquarie BankviaHays plc,"London, UK",https://stackoverflow.com/jobs/283801
Senior Full-stack Engineer,Nestio,"New York, NY",https://stackoverflow.com/jobs/283796
Principal Full Stack Software Engineer (React & Django),Sector Labs,"Cluj-Napoca, Romania",https://stackoverflow.com/jobs/249484
Software Developer,Global Reach Consulting LLC,"Reston, VA",https://stackoverflow.com/jobs/275834
Senior Back End Software Engineer,Global Reach Consulting LLC,"Reston, VA",https://stackoverflow.com/jobs/300192
Mid-Level Full Stack Software Developer,Global Reach Consulting LLC,"Reston, VA",https://stackoverflow.com/jobs/300191
DevOps Engineer,Global Reach Consulting LLC,"Reston, VA",https://stackoverflow.com/jobs/275831
Data Scientist,Etiometry Inc.,"Boston, MA",https://stackoverflow.com/jobs/260884
Backend Software Engineer,SpringBIG,"Boca Raton, FL",https://stackoverflow.com/jobs/278282
Senior Embedded Software Engineer,Zuhlke Engineering d.o.o.,"Beograd, Serbia",https://stackoverflow.com/jobs/321774
Senior MySQL Database Engineer,DraftKings,"Boston, MA",https://stackoverflow.com/jobs/283786
Software Engineer (m/f/d) Financial Indexing,Solactive AG,"Frankfurt am Main, Deutschland",https://stackoverflow.com/jobs/283773
"Frontend Developer (m, w, d) Pyramid, Jinja2, jQuery, Ember, React",solute GmbH,"Karlsruhe, Deutschland",https://stackoverflow.com/jobs/283771
Senior Python Developer,Zumper,"Providence, RI",https://stackoverflow.com/jobs/288766
"Software Engineer Intern, Gameplay (Diablo 4)",Blizzard EntertainmentviaPandoLogic,"Irvine, CA",https://stackoverflow.com/jobs/315357
